Uri Identifier,Label,Notation,Parent Uri Identifier,Sort Priority,Description
aberdeen-city,Aberdeen City,aberdeen-city,,0,
aberdeen-city-and-aberdeenshire,Aberdeen City and Aberdeenshire,aberdeen-city-and-aberdeenshire,,1,
aberdeenshire,Aberdeenshire,aberdeenshire,,2,
adur,Adur,adur,,3,
amber-valley,Amber Valley,amber-valley,,4,
angus,Angus,angus,,5,
angus-and-dundee-city,Angus and Dundee City,angus-and-dundee-city,,6,
antrim-and-newtownabbey,Antrim and Newtownabbey,antrim-and-newtownabbey,,7,
ards-and-north-down,Ards and North Down,ards-and-north-down,,8,
argyll-and-bute,Argyll and Bute,argyll-and-bute,,9,
armagh-city-banbridge-and-craigavon,"Armagh City, Banbridge and Craigavon",armagh-city-banbridge-and-craigavon,,10,
arun,Arun,arun,,11,
ashfield,Ashfield,ashfield,,12,
ashford,Ashford,ashford,,13,
babergh,Babergh,babergh,,14,
babergh-and-mid-suffolk,Babergh and Mid Suffolk,babergh-and-mid-suffolk,,15,
barking-dagenham-and-havering,Barking & Dagenham and Havering,barking-dagenham-and-havering,,16,
barking-and-dagenham,Barking and Dagenham,barking-and-dagenham,,17,
barnet,Barnet,barnet,,18,
barnsley,Barnsley,barnsley,,19,
basildon,Basildon,basildon,,20,
basingstoke-and-deane,Basingstoke and Deane,basingstoke-and-deane,,21,
bassetlaw,Bassetlaw,bassetlaw,,22,
bath-north-east-somerset-and-south-gloucestershire,Bath & North East Somerset and South Gloucestershire,bath-north-east-somerset-and-south-gloucestershire,,23,
bath-and-north-east-somerset,Bath and North East Somerset,bath-and-north-east-somerset,,24,
bedford,Bedford,bedford,,25,
bedfordshire-and-hertfordshire,Bedfordshire and Hertfordshire,bedfordshire-and-hertfordshire,,26,
belfast,Belfast,belfast,,27,
belfast-city-region,Belfast City Region,belfast-city-region,,28,
berkshire-east,Berkshire East,berkshire-east,,29,
berkshire-west,Berkshire West,berkshire-west,,30,
berkshire-buckinghamshire-and-oxfordshire,"Berkshire, Buckinghamshire and Oxfordshire",berkshire-buckinghamshire-and-oxfordshire,,31,
bexley,Bexley,bexley,,32,
bexley-and-greenwich,Bexley and Greenwich,bexley-and-greenwich,,33,
birmingham,Birmingham,birmingham,,34,
blaby,Blaby,blaby,,35,
blackburn-with-darwen,Blackburn with Darwen,blackburn-with-darwen,,36,
blackpool,Blackpool,blackpool,,37,
blaenau-gwent,Blaenau Gwent,blaenau-gwent,,38,
bolsover,Bolsover,bolsover,,39,
bolton,Bolton,bolton,,40,
boston,Boston,boston,,41,
bournemouth-christchurch-and-poole,"Bournemouth, Christchurch and Poole",bournemouth-christchurch-and-poole,,42,
bracknell-forest,Bracknell Forest,bracknell-forest,,43,
bradford,Bradford,bradford,,44,
braintree,Braintree,braintree,,45,
breckland,Breckland,breckland,,46,
breckland-and-south-norfolk,Breckland and South Norfolk,breckland-and-south-norfolk,,47,
brent,Brent,brent,,48,
brentwood,Brentwood,brentwood,,49,
bridgend,Bridgend,bridgend,,50,
brighton-and-hove,Brighton and Hove,brighton-and-hove,,51,
bristol-city-of,"Bristol, City of",bristol-city-of,,52,
broadland,Broadland,broadland,,53,
bromley,Bromley,bromley,,54,
bromsgrove,Bromsgrove,bromsgrove,,55,
broxbourne,Broxbourne,broxbourne,,56,
broxtowe,Broxtowe,broxtowe,,57,
buckinghamshire,Buckinghamshire,buckinghamshire,,58,
burnley,Burnley,burnley,,59,
bury,Bury,bury,,60,
caerphilly,Caerphilly,caerphilly,,61,
calderdale,Calderdale,calderdale,,62,
calderdale-and-kirklees,Calderdale and Kirklees,calderdale-and-kirklees,,63,
cambridge,Cambridge,cambridge,,64,
cambridgeshire-cc,Cambridgeshire CC,cambridgeshire-cc,,65,
cambridgeshire-and-peterborough,Cambridgeshire and Peterborough,cambridgeshire-and-peterborough,,66,
camden,Camden,camden,,67,
cannock-chase,Cannock Chase,cannock-chase,,68,
canterbury,Canterbury,canterbury,,69,
cardiff,Cardiff,cardiff,,70,
cardiff-and-vale-of-glamorgan,Cardiff and Vale of Glamorgan,cardiff-and-vale-of-glamorgan,,71,
carmarthenshire,Carmarthenshire,carmarthenshire,,72,
castle-point,Castle Point,castle-point,,73,
causeway-coast-and-glens,Causeway Coast and Glens,causeway-coast-and-glens,,74,
central-bedfordshire,Central Bedfordshire,central-bedfordshire,,75,
central-hampshire,Central Hampshire,central-hampshire,,76,
central-valleys-and-bridgend,Central Valleys and Bridgend,central-valleys-and-bridgend,,77,
ceredigion,Ceredigion,ceredigion,,78,
charnwood,Charnwood,charnwood,,79,
chelmsford,Chelmsford,chelmsford,,80,
cheltenham,Cheltenham,cheltenham,,81,
cherwell,Cherwell,cherwell,,82,
cheshire,Cheshire,cheshire,,83,
cheshire-east,Cheshire East,cheshire-east,,84,
cheshire-west-and-chester,Cheshire West and Chester,cheshire-west-and-chester,,85,
chesterfield,Chesterfield,chesterfield,,86,
chichester,Chichester,chichester,,87,
chorley,Chorley,chorley,,88,
chorley-and-west-lancashire,Chorley and West Lancashire,chorley-and-west-lancashire,,89,
city-of-edinburgh,City of Edinburgh,city-of-edinburgh,,90,
city-of-london,City of London,city-of-london,,91,
clackmannanshire,Clackmannanshire,clackmannanshire,,92,
clackmannanshire-and-fife,Clackmannanshire and Fife,clackmannanshire-and-fife,,93,
colchester,Colchester,colchester,,94,
conwy,Conwy,conwy,,95,
conwy-and-denbighshire,Conwy and Denbighshire,conwy-and-denbighshire,,96,
cornwall,Cornwall,cornwall,,97,
cornwall-and-isles-of-scilly,Cornwall and Isles of Scilly,cornwall-and-isles-of-scilly,,98,
cotswold,Cotswold,cotswold,,99,
county-durham,County Durham,county-durham,,100,
coventry,Coventry,coventry,,101,
crawley,Crawley,crawley,,102,
croydon,Croydon,croydon,,103,
cumberland,Cumberland,cumberland,,104,
cumbria,Cumbria,cumbria,,105,
dacorum,Dacorum,dacorum,,106,
darlington,Darlington,darlington,,107,
dartford,Dartford,dartford,,108,
denbighshire,Denbighshire,denbighshire,,109,
derby,Derby,derby,,110,
derbyshire-dales,Derbyshire Dales,derbyshire-dales,,111,
derry-city-and-strabane,Derry City and Strabane,derry-city-and-strabane,,112,
devon,Devon,devon,,113,
devon-cc,Devon CC,devon-cc,,114,
doncaster,Doncaster,doncaster,,115,
dorset,Dorset,dorset,,116,
dover,Dover,dover,,117,
dudley,Dudley,dudley,,118,
dumfries-and-galloway,Dumfries and Galloway,dumfries-and-galloway,,119,
dundee-city,Dundee City,dundee-city,,120,
durham,Durham,durham,,121,
ealing,Ealing,ealing,,122,
east-ayrshire,East Ayrshire,east-ayrshire,,123,
east-cambridgeshire,East Cambridgeshire,east-cambridgeshire,,124,
east-central-scotland,East Central Scotland,east-central-scotland,,125,
east-derbyshire,East Derbyshire,east-derbyshire,,126,
east-devon,East Devon,east-devon,,127,
east-dunbartonshire,East Dunbartonshire,east-dunbartonshire,,128,
east-dunbartonshire-and-west-dunbartonshire,East Dunbartonshire and West Dunbartonshire,east-dunbartonshire-and-west-dunbartonshire,,129,
east-hampshire,East Hampshire,east-hampshire,,130,
east-hertfordshire,East Hertfordshire,east-hertfordshire,,131,
east-kent,East Kent,east-kent,,132,
east-lancashire,East Lancashire,east-lancashire,,133,
east-lindsey,East Lindsey,east-lindsey,,134,
east-lothian,East Lothian,east-lothian,,135,
east-lothian-and-midlothian,East Lothian and Midlothian,east-lothian-and-midlothian,,136,
east-merseyside,East Merseyside,east-merseyside,,137,
east-midlands,East Midlands,east-midlands,,138,
east-renfrewshire,East Renfrewshire,east-renfrewshire,,139,
east-riding-of-yorkshire,East Riding of Yorkshire,east-riding-of-yorkshire,,140,
east-staffordshire,East Staffordshire,east-staffordshire,,141,
east-suffolk,East Suffolk,east-suffolk,,142,
east-surrey,East Surrey,east-surrey,,143,
east-sussex-cc,East Sussex CC,east-sussex-cc,,144,
east-yorkshire-and-northern-lincolnshire,East Yorkshire and Northern Lincolnshire,east-yorkshire-and-northern-lincolnshire,,145,
east-of-england,East of England,east-of-england,,146,
eastbourne,Eastbourne,eastbourne,,147,
eastern-scotland,Eastern Scotland,eastern-scotland,,148,
eastleigh,Eastleigh,eastleigh,,149,
elmbridge,Elmbridge,elmbridge,,150,
enfield,Enfield,enfield,,151,
england,England,england,,152,
epping-forest,Epping Forest,epping-forest,,153,
epsom-and-ewell,Epsom and Ewell,epsom-and-ewell,,154,
erewash,Erewash,erewash,,155,
essex,Essex,essex,,156,
essex-haven-gateway,Essex Haven Gateway,essex-haven-gateway,,157,
essex-thames-gateway,Essex Thames Gateway,essex-thames-gateway,,158,
exeter,Exeter,exeter,,159,
falkirk,Falkirk,falkirk,,160,
fareham,Fareham,fareham,,161,
fenland,Fenland,fenland,,162,
fermanagh-and-omagh,Fermanagh and Omagh,fermanagh-and-omagh,,163,
fife,Fife,fife,,164,
flintshire,Flintshire,flintshire,,165,
flintshire-and-wrexham,Flintshire and Wrexham,flintshire-and-wrexham,,166,
folkestone-and-hythe,Folkestone and Hythe,folkestone-and-hythe,,167,
forest-of-dean,Forest of Dean,forest-of-dean,,168,
fylde,Fylde,fylde,,169,
gateshead,Gateshead,gateshead,,170,
gedling,Gedling,gedling,,171,
glasgow-city,Glasgow City,glasgow-city,,172,
gloucester,Gloucester,gloucester,,173,
gloucestershire-cc,Gloucestershire CC,gloucestershire-cc,,174,
gloucestershire-and-wiltshire,Gloucestershire and Wiltshire,gloucestershire-and-wiltshire,,175,
gosport,Gosport,gosport,,176,
gravesham,Gravesham,gravesham,,177,
great-yarmouth,Great Yarmouth,great-yarmouth,,178,
greater-manchester,Greater Manchester,greater-manchester,,179,
greater-manchester-north-east,Greater Manchester North East,greater-manchester-north-east,,180,
greater-manchester-north-west,Greater Manchester North West,greater-manchester-north-west,,181,
greater-manchester-south-east,Greater Manchester South East,greater-manchester-south-east,,182,
greater-manchester-south-west,Greater Manchester South West,greater-manchester-south-west,,183,
greenwich,Greenwich,greenwich,,184,
guildford,Guildford,guildford,,185,
gwent-valleys,Gwent Valleys,gwent-valleys,,186,
gwynedd,Gwynedd,gwynedd,,187,
hackney,Hackney,hackney,,188,
hackney-and-newham,Hackney and Newham,hackney-and-newham,,189,
halton,Halton,halton,,190,
hammersmith-and-fulham,Hammersmith and Fulham,hammersmith-and-fulham,,191,
hampshire-and-isle-of-wight,Hampshire and Isle of Wight,hampshire-and-isle-of-wight,,192,
harborough,Harborough,harborough,,193,
haringey,Haringey,haringey,,194,
haringey-and-islington,Haringey and Islington,haringey-and-islington,,195,
harlow,Harlow,harlow,,196,
harrow,Harrow,harrow,,197,
harrow-and-hillingdon,Harrow and Hillingdon,harrow-and-hillingdon,,198,
hart,Hart,hart,,199,
hartlepool,Hartlepool,hartlepool,,200,
hartlepool-and-stockton-on-tees,Hartlepool and Stockton-on-Tees,hartlepool-and-stockton-on-tees,,201,
hastings,Hastings,hastings,,202,
havant,Havant,havant,,203,
havering,Havering,havering,,204,
heart-of-essex,Heart of Essex,heart-of-essex,,205,
herefordshire-county-of,"Herefordshire, County of",herefordshire-county-of,,206,
herefordshire-worcestershire-and-warwickshire,"Herefordshire, Worcestershire and Warwickshire",herefordshire-worcestershire-and-warwickshire,,207,
hertsmere,Hertsmere,hertsmere,,208,
high-peak,High Peak,high-peak,,209,
highland,Highland,highland,,210,
highlands-and-islands,Highlands and Islands,highlands-and-islands,,211,
hillingdon,Hillingdon,hillingdon,,212,
hinckley-and-bosworth,Hinckley and Bosworth,hinckley-and-bosworth,,213,
horsham,Horsham,horsham,,214,
hounslow,Hounslow,hounslow,,215,
hounslow-and-richmond-upon-thames,Hounslow and Richmond upon Thames,hounslow-and-richmond-upon-thames,,216,
huntingdonshire,Huntingdonshire,huntingdonshire,,217,
hyndburn,Hyndburn,hyndburn,,218,
inner-london-east,Inner London - East,inner-london-east,,219,
inner-london-west,Inner London - West,inner-london-west,,220,
inverclyde,Inverclyde,inverclyde,,221,
inverclyde-east-renfrewshire-and-renfrewshire,"Inverclyde, East Renfrewshire, and Renfrewshire",inverclyde-east-renfrewshire-and-renfrewshire,,222,
ipswich,Ipswich,ipswich,,223,
isle-of-anglesey,Isle of Anglesey,isle-of-anglesey,,224,
isle-of-wight,Isle of Wight,isle-of-wight,,225,
isles-of-scilly,Isles of Scilly,isles-of-scilly,,226,
islington,Islington,islington,,227,
kensington-chelsea-and-hammersmith-fulham,Kensington & Chelsea and Hammersmith & Fulham,kensington-chelsea-and-hammersmith-fulham,,228,
kensington-and-chelsea,Kensington and Chelsea,kensington-and-chelsea,,229,
kent,Kent,kent,,230,
kent-thames-gateway,Kent Thames Gateway,kent-thames-gateway,,231,
king-s-lynn-and-west-norfolk,King's Lynn and West Norfolk,king-s-lynn-and-west-norfolk,,232,
kingston-upon-hull-city-of,"Kingston upon Hull, City of",kingston-upon-hull-city-of,,233,
kingston-upon-thames,Kingston upon Thames,kingston-upon-thames,,234,
kirklees,Kirklees,kirklees,,235,
knowsley,Knowsley,knowsley,,236,
lambeth,Lambeth,lambeth,,237,
lancashire,Lancashire,lancashire,,238,
lancaster,Lancaster,lancaster,,239,
lancaster-and-wyre,Lancaster and Wyre,lancaster-and-wyre,,240,
leeds,Leeds,leeds,,241,
leicester,Leicester,leicester,,242,
leicestershire-cc-and-rutland,Leicestershire CC and Rutland,leicestershire-cc-and-rutland,,243,
leicestershire-rutland-and-northamptonshire,"Leicestershire, Rutland and Northamptonshire",leicestershire-rutland-and-northamptonshire,,244,
lewes,Lewes,lewes,,245,
lewisham,Lewisham,lewisham,,246,
lewisham-and-southwark,Lewisham and Southwark,lewisham-and-southwark,,247,
lichfield,Lichfield,lichfield,,248,
lincoln,Lincoln,lincoln,,249,
lincolnshire,Lincolnshire,lincolnshire,,250,
lincolnshire-cc,Lincolnshire CC,lincolnshire-cc,,251,
lisburn-and-castlereagh,Lisburn and Castlereagh,lisburn-and-castlereagh,,252,
liverpool,Liverpool,liverpool,,253,
liverpool-city-region,Liverpool City Region,liverpool-city-region,,254,
london,London,london,,255,
luton,Luton,luton,,256,
maidstone,Maidstone,maidstone,,257,
maldon,Maldon,maldon,,258,
malvern-hills,Malvern Hills,malvern-hills,,259,
manchester,Manchester,manchester,,260,
mansfield,Mansfield,mansfield,,261,
medway,Medway,medway,,262,
melton,Melton,melton,,263,
merthyr-tydfil,Merthyr Tydfil,merthyr-tydfil,,264,
merton,Merton,merton,,265,
merton-kingston-upon-thames-and-sutton,"Merton, Kingston upon Thames and Sutton",merton-kingston-upon-thames-and-sutton,,266,
mid-devon,Mid Devon,mid-devon,,267,
mid-kent,Mid Kent,mid-kent,,268,
mid-lancashire,Mid Lancashire,mid-lancashire,,269,
mid-suffolk,Mid Suffolk,mid-suffolk,,270,
mid-sussex,Mid Sussex,mid-sussex,,271,
mid-ulster,Mid Ulster,mid-ulster,,272,
mid-wales,Mid Wales,mid-wales,,273,
mid-and-east-antrim,Mid and East Antrim,mid-and-east-antrim,,274,
mid-and-south-west-wales,Mid and South West Wales,mid-and-south-west-wales,,275,
middlesbrough,Middlesbrough,middlesbrough,,276,
midlothian,Midlothian,midlothian,,277,
milton-keynes,Milton Keynes,milton-keynes,,278,
mole-valley,Mole Valley,mole-valley,,279,
monmouthshire,Monmouthshire,monmouthshire,,280,
monmouthshire-and-newport,Monmouthshire and Newport,monmouthshire-and-newport,,281,
moray,Moray,moray,,282,
na-h-eileanan-siar,Na h-Eileanan Siar,na-h-eileanan-siar,,283,
neath-port-talbot,Neath Port Talbot,neath-port-talbot,,284,
new-forest,New Forest,new-forest,,285,
newark-and-sherwood,Newark and Sherwood,newark-and-sherwood,,286,
newcastle-upon-tyne,Newcastle upon Tyne,newcastle-upon-tyne,,287,
newcastle-under-lyme,Newcastle-under-Lyme,newcastle-under-lyme,,288,
newham,Newham,newham,,289,
newport,Newport,newport,,290,
newry-mourne-and-down,"Newry, Mourne and Down",newry-mourne-and-down,,291,
norfolk,Norfolk,norfolk,,292,
north-ayrshire,North Ayrshire,north-ayrshire,,293,
north-ayrshire-and-east-ayrshire,North Ayrshire and East Ayrshire,north-ayrshire-and-east-ayrshire,,294,
north-devon,North Devon,north-devon,,295,
north-east,North East,north-east,,296,
north-east-derbyshire,North East Derbyshire,north-east-derbyshire,,297,
north-east-lincolnshire,North East Lincolnshire,north-east-lincolnshire,,298,
north-eastern-scotland,North Eastern Scotland,north-eastern-scotland,,299,
north-hampshire,North Hampshire,north-hampshire,,300,
north-hertfordshire,North Hertfordshire,north-hertfordshire,,301,
north-kesteven,North Kesteven,north-kesteven,,302,
north-lanarkshire,North Lanarkshire,north-lanarkshire,,303,
north-lincolnshire,North Lincolnshire,north-lincolnshire,,304,
north-norfolk,North Norfolk,north-norfolk,,305,
north-northamptonshire,North Northamptonshire,north-northamptonshire,,306,
north-nottinghamshire,North Nottinghamshire,north-nottinghamshire,,307,
north-somerset,North Somerset,north-somerset,,308,
north-somerset-somerset-and-dorset,"North Somerset, Somerset and Dorset",north-somerset-somerset-and-dorset,,309,
north-tyneside,North Tyneside,north-tyneside,,310,
north-wales,North Wales,north-wales,,311,
north-warwickshire,North Warwickshire,north-warwickshire,,312,
north-west,North West,north-west,,313,
north-west-leicestershire,North West Leicestershire,north-west-leicestershire,,314,
north-yorkshire,North Yorkshire,north-yorkshire,,315,
north-and-east-hertfordshire,North and East Hertfordshire,north-and-east-hertfordshire,,316,
north-and-north-east-lincolnshire,North and North East Lincolnshire,north-and-north-east-lincolnshire,,317,
north-and-west-norfolk,North and West Norfolk,north-and-west-norfolk,,318,
northern-ireland,Northern Ireland,northern-ireland,,319,
northumberland,Northumberland,northumberland,,320,
norwich,Norwich,norwich,,321,
norwich-and-east-norfolk,Norwich and East Norfolk,norwich-and-east-norfolk,,322,
nottingham,Nottingham,nottingham,,323,
nuneaton-and-bedworth,Nuneaton and Bedworth,nuneaton-and-bedworth,,324,
oadby-and-wigston,Oadby and Wigston,oadby-and-wigston,,325,
oldham,Oldham,oldham,,326,
orkney-islands,Orkney Islands,orkney-islands,,327,
outer-london-east-and-north-east,Outer London - East and North East,outer-london-east-and-north-east,,328,
outer-london-south,Outer London - South,outer-london-south,,329,
outer-london-west-and-north-west,Outer London - West and North West,outer-london-west-and-north-west,,330,
oxford,Oxford,oxford,,331,
oxfordshire-cc,Oxfordshire CC,oxfordshire-cc,,332,
pembrokeshire,Pembrokeshire,pembrokeshire,,333,
pendle,Pendle,pendle,,334,
perth-and-kinross,Perth and Kinross,perth-and-kinross,,335,
perth-and-kinross-and-stirling,"Perth and Kinross, and Stirling",perth-and-kinross-and-stirling,,336,
peterborough,Peterborough,peterborough,,337,
plymouth,Plymouth,plymouth,,338,
portsmouth,Portsmouth,portsmouth,,339,
powys,Powys,powys,,340,
preston,Preston,preston,,341,
reading,Reading,reading,,342,
redbridge,Redbridge,redbridge,,343,
redbridge-and-waltham-forest,Redbridge and Waltham Forest,redbridge-and-waltham-forest,,344,
redcar-and-cleveland,Redcar and Cleveland,redcar-and-cleveland,,345,
redditch,Redditch,redditch,,346,
reigate-and-banstead,Reigate and Banstead,reigate-and-banstead,,347,
renfrewshire,Renfrewshire,renfrewshire,,348,
rhondda-cynon-taf,Rhondda Cynon Taf,rhondda-cynon-taf,,349,
ribble-valley,Ribble Valley,ribble-valley,,350,
richmond-upon-thames,Richmond upon Thames,richmond-upon-thames,,351,
rochdale,Rochdale,rochdale,,352,
rochford,Rochford,rochford,,353,
rossendale,Rossendale,rossendale,,354,
rother,Rother,rother,,355,
rotherham,Rotherham,rotherham,,356,
rugby,Rugby,rugby,,357,
runnymede,Runnymede,runnymede,,358,
rushcliffe,Rushcliffe,rushcliffe,,359,
rushmoor,Rushmoor,rushmoor,,360,
rutland,Rutland,rutland,,361,
salford,Salford,salford,,362,
sandwell,Sandwell,sandwell,,363,
scotland,Scotland,scotland,,364,
scottish-borders,Scottish Borders,scottish-borders,,365,
sefton,Sefton,sefton,,366,
sevenoaks,Sevenoaks,sevenoaks,,367,
sheffield,Sheffield,sheffield,,368,
shetland-islands,Shetland Islands,shetland-islands,,369,
shropshire,Shropshire,shropshire,,370,
shropshire-and-staffordshire,Shropshire and Staffordshire,shropshire-and-staffordshire,,371,
slough,Slough,slough,,372,
solihull,Solihull,solihull,,373,
somerset,Somerset,somerset,,374,
south-ayrshire,South Ayrshire,south-ayrshire,,375,
south-cambridgeshire,South Cambridgeshire,south-cambridgeshire,,376,
south-derbyshire,South Derbyshire,south-derbyshire,,377,
south-east-england,South East (England),south-east-england,,378,
south-east-wales,South East Wales,south-east-wales,,379,
south-gloucestershire,South Gloucestershire,south-gloucestershire,,380,
south-hampshire,South Hampshire,south-hampshire,,381,
south-hams,South Hams,south-hams,,382,
south-holland,South Holland,south-holland,,383,
south-kesteven,South Kesteven,south-kesteven,,384,
south-lanarkshire,South Lanarkshire,south-lanarkshire,,385,
south-norfolk,South Norfolk,south-norfolk,,386,
south-nottinghamshire,South Nottinghamshire,south-nottinghamshire,,387,
south-oxfordshire,South Oxfordshire,south-oxfordshire,,388,
south-ribble,South Ribble,south-ribble,,389,
south-staffordshire,South Staffordshire,south-staffordshire,,390,
south-teesside,South Teesside,south-teesside,,391,
south-tyneside,South Tyneside,south-tyneside,,392,
south-west-england,South West (England),south-west-england,,393,
south-west-hertfordshire,South West Hertfordshire,south-west-hertfordshire,,394,
south-west-wales,South West Wales,south-west-wales,,395,
south-yorkshire,South Yorkshire,south-yorkshire,,396,
south-and-west-derbyshire,South and West Derbyshire,south-and-west-derbyshire,,397,
southampton,Southampton,southampton,,398,
southend-on-sea,Southend-on-Sea,southend-on-sea,,399,
southern-scotland,Southern Scotland,southern-scotland,,400,
southwark,Southwark,southwark,,401,
spelthorne,Spelthorne,spelthorne,,402,
st-albans,St Albans,st-albans,,403,
st-helens,St. Helens,st-helens,,404,
stafford,Stafford,stafford,,405,
staffordshire-cc,Staffordshire CC,staffordshire-cc,,406,
staffordshire-moorlands,Staffordshire Moorlands,staffordshire-moorlands,,407,
stevenage,Stevenage,stevenage,,408,
stirling,Stirling,stirling,,409,
stockport,Stockport,stockport,,410,
stockton-on-tees,Stockton-on-Tees,stockton-on-tees,,411,
stoke-on-trent,Stoke-on-Trent,stoke-on-trent,,412,
stratford-on-avon,Stratford-on-Avon,stratford-on-avon,,413,
stroud,Stroud,stroud,,414,
suffolk,Suffolk,suffolk,,415,
sunderland,Sunderland,sunderland,,416,
surrey-heath,Surrey Heath,surrey-heath,,417,
surrey-east-and-west-sussex,"Surrey, East and West Sussex",surrey-east-and-west-sussex,,418,
sutton,Sutton,sutton,,419,
swale,Swale,swale,,420,
swansea,Swansea,swansea,,421,
swansea-bay-city-region,Swansea Bay City Region,swansea-bay-city-region,,422,
swindon,Swindon,swindon,,423,
tameside,Tameside,tameside,,424,
tamworth,Tamworth,tamworth,,425,
tandridge,Tandridge,tandridge,,426,
tees-valley,Tees Valley,tees-valley,,427,
teignbridge,Teignbridge,teignbridge,,428,
telford-and-wrekin,Telford and Wrekin,telford-and-wrekin,,429,
tendring,Tendring,tendring,,430,
test-valley,Test Valley,test-valley,,431,
tewkesbury,Tewkesbury,tewkesbury,,432,
thanet,Thanet,thanet,,433,
three-rivers,Three Rivers,three-rivers,,434,
thurrock,Thurrock,thurrock,,435,
tonbridge-and-malling,Tonbridge and Malling,tonbridge-and-malling,,436,
torbay,Torbay,torbay,,437,
torfaen,Torfaen,torfaen,,438,
torridge,Torridge,torridge,,439,
tower-hamlets,Tower Hamlets,tower-hamlets,,440,
trafford,Trafford,trafford,,441,
tunbridge-wells,Tunbridge Wells,tunbridge-wells,,442,
tyneside,Tyneside,tyneside,,443,
uk-less-extra-regio,UK less Extra-Regio,uk-less-extra-regio,,444,
united-kingdom,United Kingdom,united-kingdom,,445,
uttlesford,Uttlesford,uttlesford,,446,
vale-of-glamorgan,Vale of Glamorgan,vale-of-glamorgan,,447,
vale-of-white-horse,Vale of White Horse,vale-of-white-horse,,448,
wakefield,Wakefield,wakefield,,449,
wales,Wales,wales,,450,
walsall,Walsall,walsall,,451,
waltham-forest,Waltham Forest,waltham-forest,,452,
wandsworth,Wandsworth,wandsworth,,453,
warrington,Warrington,warrington,,454,
warwick,Warwick,warwick,,455,
warwickshire-cc,Warwickshire CC,warwickshire-cc,,456,
watford,Watford,watford,,457,
waverley,Waverley,waverley,,458,
wealden,Wealden,wealden,,459,
welwyn-hatfield,Welwyn Hatfield,welwyn-hatfield,,460,
west-berkshire,West Berkshire,west-berkshire,,461,
west-central-scotland,West Central Scotland,west-central-scotland,,462,
west-devon,West Devon,west-devon,,463,
west-dunbartonshire,West Dunbartonshire,west-dunbartonshire,,464,
west-essex,West Essex,west-essex,,465,
west-kent,West Kent,west-kent,,466,
west-lancashire,West Lancashire,west-lancashire,,467,
west-lindsey,West Lindsey,west-lindsey,,468,
west-lothian,West Lothian,west-lothian,,469,
west-midlands,West Midlands,west-midlands,,470,
west-northamptonshire,West Northamptonshire,west-northamptonshire,,471,
west-oxfordshire,West Oxfordshire,west-oxfordshire,,472,
west-suffolk,West Suffolk,west-suffolk,,473,
west-surrey,West Surrey,west-surrey,,474,
west-sussex-north-east,West Sussex (North East),west-sussex-north-east,,475,
west-sussex-south-west,West Sussex (South West),west-sussex-south-west,,476,
west-yorkshire,West Yorkshire,west-yorkshire,,477,
west-of-england,West of England,west-of-england,,478,
westminster,Westminster,westminster,,479,
westminster-and-city-of-london,Westminster and City of London,westminster-and-city-of-london,,480,
westmorland-and-furness,Westmorland and Furness,westmorland-and-furness,,481,
wigan,Wigan,wigan,,482,
wiltshire,Wiltshire,wiltshire,,483,
winchester,Winchester,winchester,,484,
windsor-and-maidenhead,Windsor and Maidenhead,windsor-and-maidenhead,,485,
wirral,Wirral,wirral,,486,
woking,Woking,woking,,487,
wokingham,Wokingham,wokingham,,488,
wolverhampton,Wolverhampton,wolverhampton,,489,
worcester,Worcester,worcester,,490,
worcestershire-cc,Worcestershire CC,worcestershire-cc,,491,
worthing,Worthing,worthing,,492,
wrexham,Wrexham,wrexham,,493,
wychavon,Wychavon,wychavon,,494,
wyre,Wyre,wyre,,495,
wyre-forest,Wyre Forest,wyre-forest,,496,
york,York,york,,497,
york-and-north-yorkshire,York and North Yorkshire,york-and-north-yorkshire,,498,
yorkshire-and-the-humber,Yorkshire and The Humber,yorkshire-and-the-humber,,499,
